obs,year,title,winner,nominations,gglobes,comedy
"A Soldier's Sto",1984,1,0,3,0,0
"Places in the H",1984,2,0,7,1,0
"The Killing Fie",1984,3,0,7,1,0
"A Passage to In",1984,4,0,11,3,0
"Amadeus",1984,5,1,11,4,0
"Prizzi's Honor",1985,6,0,8,4,1
"Kiss of the Spi",1985,7,0,4,0,0
"Witness",1985,8,0,8,0,0
"The Color Purpl",1985,9,0,11,1,0
"Out of Africa",1985,10,1,11,3,0
"Hannah and Her ",1986,11,0,7,1,1
"Children of a L",1986,12,0,5,1,0
"A Room with a V",1986,13,0,8,1,0
"The Mission",1986,14,0,7,2,0
"Platoon",1986,15,1,8,3,0
"Hope and Glory",1987,16,0,5,1,1
"Broadcast News",1987,17,0,7,0,1
"Fatal Attractio",1987,18,0,6,0,0
"Moonstruck",1987,19,0,6,2,0
"The Last Empero",1987,20,1,9,4,0
"Working Girl",1988,21,0,6,4,1
"The Accidental ",1988,22,0,4,0,0
"Mississippi Bur",1988,23,0,7,0,0
"Dangerous Liais",1988,24,0,7,0,0
"Rain Man",1988,25,1,8,2,0
"Field of Dreams",1989,26,0,3,0,0
"Dead Poets Soci",1989,27,0,4,0,0
"My Left Foot",1989,28,0,5,0,0
"Driving Miss Da",1989,29,1,9,3,0
"Born on the Fou",1989,30,0,8,4,0
"Awakenings",1990,31,0,3,0,0
"Goodfellas",1990,32,0,6,0,0
"The Godfather P",1990,33,0,7,0,0
"Ghost",1990,34,0,5,1,0
"Dances With Wol",1990,35,1,12,3,0
"The Silence of ",1991,36,1,7,1,0
"The Prince of T",1991,37,0,7,1,0
"JFK",1991,38,0,8,1,0
"Bugsy",1991,39,0,10,1,0
"Beauty and the ",1991,40,0,6,3,0
"A Few Good Men",1992,41,0,4,0,0
"The Crying Game",1992,42,0,6,0,0
"Scent of a Woma",1992,43,0,4,3,0
"Howards End",1992,44,0,9,1,0
"Unforgiven",1992,45,1,9,2,0
"In the Name of ",1993,46,0,7,0,0
"The Remains of ",1993,47,0,8,0,0
"The Fugitive",1993,48,0,7,1,0
"The Piano",1993,49,0,8,1,0
"Schindler's Lis",1993,50,1,12,3,0
"Quiz Show",1994,51,0,4,0,0
"Four Weddings a",1994,52,0,2,1,0
"The Shawshank R",1994,53,0,7,0,0
"Pulp Fiction",1994,54,0,7,1,0
"Forrest Gump",1994,55,1,13,3,0
"Babe",1995,56,0,7,1,1
"The Postman (Il",1995,57,0,5,0,1
"Apollo 13",1995,58,0,9,0,0
"Sense and Sensi",1995,59,0,7,2,0
"Braveheart",1995,60,1,10,1,0
"Fargo",1996,61,0,7,0,0
"Jerry Maguire",1996,62,0,5,1,0
"Secrets & Lies",1996,63,0,5,1,0
"Shine",1996,64,0,7,1,0
"The English Pat",1996,65,1,12,2,0
"The Full Monty",1997,66,0,4,0,1
"As Good as it G",1997,67,0,7,3,1
"L.A. Confidenti",1997,68,0,9,1,0
"Good Will Hunti",1997,69,0,9,1,0
"Titanic",1997,70,1,14,4,0
"Life is Beautif",1998,71,0,7,0,0
"The Thin Red Li",1998,72,0,7,0,0
"Elizabeth",1998,73,0,7,1,0
"Saving Private ",1998,74,0,11,2,0
"Shakespeare in ",1998,75,1,13,3,0
"The Green Mile",1999,76,0,4,0,0
"The Sixth Sense",1999,77,0,6,0,0
"The Cider House",1999,78,0,7,0,0
"The Insider",1999,79,0,7,0,0
"American Beauty",1999,80,1,8,3,0
"Chocolat",2000,81,0,5,0,1
"Erin Brockovich",2000,82,0,5,1,0
"Traffic",2000,83,0,5,2,0
"Crouching Tiger",2000,84,0,10,2,0
"Gladiator",2000,85,1,12,2,0
"In the Bedroom",2001,86,0,5,1,0
"Gosford Park",2001,87,0,7,1,0
"The Lord of the",2001,88,0,13,0,0
"Moulin Rouge",2001,89,0,8,3,0
"A Beautiful Min",2001,90,1,8,4,0
"The Lord of the",2002,91,0,6,0,0
"The Pianist",2002,92,0,7,0,0
"The Hours",2002,93,0,9,2,0
"Gangs of New Yo",2002,94,0,10,2,0
"Chicago",2002,95,1,13,3,0
"Seabiscuit",2003,96,0,7,0,0
"Master and Comm",2003,97,0,10,0,0
"Mystic River",2003,98,0,6,2,0
"Lost in Transla",2003,99,0,4,3,0
"The Lord of the",2003,100,1,11,4,0
"Sideways",2004,101,NA,5,2,1
"Finding Neverla",2004,102,NA,7,0,0
"Ray",2004,103,NA,6,1,0
"Million Dollar ",2004,104,NA,7,2,0
"The Aviator",2004,105,NA,11,3,0
